0,0.0,0.0,-0.35951200914982845,0.07548608463591308,-0.6820434616850934,0.3381624094548227,-0.8993518871521159,0.6923370186808997,-1.0278307281738468,1.0163934426229508,-0.601219977125429,0.2123522683949676,-0.8867708730461303,0.18375905451772784,-1.0411742279832252,0.1906214258482653,-1.1627906976744187,0.2207396111322913,-0.4616850934044987,0.1902401829965688,-0.7472359893252001,0.26801372474266105,-0.6885245901639344,0.20777735417460924,-0.6065573770491803,0.10522302706824246,-0.3126191383911551,0.18452154022112086,-0.565383149065955,0.17613419748379716,-0.553183377811666,0.059855127716355316,-0.5177277926038887,-0.04269919939001146,-0.17727792603888679,0.16240945482272207,-0.39725505146778495,0.09797941288600837,-0.41097979412886004,-0.011437285550895904,-0.36866183759054516,-0.1303850552802135
0,0.0,0.0,-0.38181818181818183,0.04999999999999999,-0.6893939393939394,0.32878787878787874,-0.8621212121212121,0.6393939393939394,-1.0136363636363637,0.9833333333333333,-0.6136363636363636,0.2272727272727273,-0.9257575757575758,0.23484848484848492,-1.0818181818181818,0.2242424242424243,-1.1818181818181819,0.21363636363636362,-0.4772727272727273,0.27424242424242423,-0.7833333333333333,0.34545454545454546,-0.7227272727272727,0.2878787878787879,-0.6227272727272727,0.2090909090909091,-0.3303030303030303,0.25303030303030305,-0.603030303030303,0.2727272727272727,-0.5651515151515152,0.16515151515151516,-0.5045454545454546,0.04696969696969697,-0.21212121212121213,0.23787878787878786,-0.4121212121212121,0.13939393939393938,-0.4242424242424243,0.015151515151515138,-0.40303030303030307,-0.08636363636363636
0,0.0,0.0,-0.3878787878787879,0.043939393939393945,-0.7121212121212122,0.3227272727272727,-0.9075757575757575,0.656060606060606,-1.059090909090909,1.0,-0.6363636363636364,0.2272727272727273,-0.9484848484848485,0.2575757575757576,-1.1045454545454545,0.20757575757575758,-1.2272727272727273,0.21363636363636362,-0.4772727272727273,0.25757575757575757,-0.806060606060606,0.33939393939393936,-0.7454545454545454,0.28181818181818186,-0.6227272727272727,0.203030303030303,-0.353030303030303,0.23636363636363636,-0.6257575757575757,0.2727272727272727,-0.5651515151515152,0.1590909090909091,-0.5045454545454546,0.08636363636363638,-0.23484848484848486,0.2212121212121212,-0.4348484848484849,0.13939393939393938,-0.4303030303030303,0.0318181818181818,-0.38636363636363635,-0.024242424242424232
0,0.0,0.0,-0.42727272727272725,0.04999999999999999,-0.7348484848484849,0.30606060606060603,-0.9303030303030303,0.656060606060606,-1.0424242424242425,1.0,-0.6303030303030304,0.21060606060606063,-0.9030303030303031,0.19545454545454544,-1.0757575757575757,0.13939393939393935,-1.1590909090909092,0.10606060606060602,-0.45454545454545453,0.23484848484848486,-0.7833333333333333,0.3,-0.7227272727272727,0.26515151515151514,-0.6227272727272727,0.18636363636363634,-0.3303030303030303,0.23636363636363636,-0.6484848484848484,0.2106060606060606,-0.5878787878787879,0.16515151515151516,-0.5272727272727273,0.09242424242424241,-0.23484848484848486,0.2212121212121212,-0.45757575757575764,0.13939393939393938,-0.453030303030303,0.05454545454545451,-0.4318181818181818,-0.018181818181818188
0,0.0,0.0,-0.3923734853884533,0.04240912330719887,-0.7305773342836779,0.34675694939415536,-0.943335709194583,0.6461154668567356,-1.0687811831789022,1.0,-0.6386315039201711,0.23770491803278687,-0.9497505345687811,0.3025659301496793,-1.124376336421953,0.27512473271560944,-1.2391304347826086,0.2804704205274412,-0.470064148253742,0.28759800427655025,-0.8139700641482537,0.413399857448325,-0.7483962936564504,0.40270848182466146,-0.6282965074839629,0.36992159657875984,-0.32858161083392734,0.2940128296507484,-0.6614397719173201,0.2947255880256593,-0.6176051318602994,0.2512473271560941,-0.5356379187455452,0.21846044191019243,-0.21418389166072702,0.26229508196721313,-0.4925160370634355,0.18674269422665718,-0.46507483962936563,0.12687099073414113,-0.421240199572345,0.07234497505345688
0,0.0,0.0,-0.4053295932678822,0.06732117812061711,-0.723702664796634,0.33380084151472644,-0.9340813464235624,0.6318373071528752,-1.0582047685834501,0.9838709677419355,-0.6248246844319776,0.1984572230014025,-0.8884992987377279,0.20476858345021037,-1.0336605890603086,0.11290322580645162,-1.108695652173913,0.05890603085553997,-0.4943899018232819,0.22931276297335204,-0.7741935483870968,0.31486676016830295,-0.6935483870967742,0.30364656381486677,-0.5750350631136045,0.27138849929873776,-0.3373071528751753,0.23281907433380084,-0.6661991584852736,0.23141654978962134,-0.5855539971949509,0.20967741935483872,-0.5049088359046283,0.18302945301542778,-0.24544179523141657,0.19845722300140253,-0.5042075736325385,0.14305750350631133,-0.4719495091164096,0.08345021037868161,-0.4074333800841515,0.03506311360448805
0,0.0,0.0,-0.4053295932678822,0.06732117812061711,-0.723702664796634,0.33380084151472644,-0.9340813464235624,0.6697054698457223,-1.0420757363253856,1.0,-0.6248246844319776,0.22019635343618515,-0.9319775596072931,0.29172510518934086,-1.0988779803646564,0.2433380084151473,-1.1956521739130435,0.21107994389901824,-0.4943899018232819,0.2510518934081346,-0.7959326788218793,0.38008415147265073,-0.7152875175315568,0.3688639551192146,-0.6129032258064516,0.3527349228611501,-0.3534361851332398,0.25455820476858343,-0.644460028050491,0.25315568022440393,-0.5855539971949509,0.20967741935483872,-0.5210378681626929,0.1556802244039271,-0.2615708274894811,0.22019635343618515,-0.520336605890603,0.16479663394109395,-0.4719495091164096,0.10518934081346423,-0.3856942496493688,0.05119214586255261
0,0.0,0.0,-0.42244337680164723,0.04049416609471518,-0.7385037748798902,0.3383665065202471,-0.9313658201784488,0.653054221002059,-1.0545641729581332,1.0161290322580645,-0.6702127659574468,0.2474262182566918,-0.9921070693205216,0.31571722717913525,-1.1636925188743994,0.30988332189430334,-1.2765957446808511,0.28277282086479066,-0.5374056280027454,0.29718599862731643,-0.8167467398764584,0.41008922443376805,-0.7361015785861359,0.39979409746053535,-0.618050789293068,0.32498284145504464,-0.3826355525051475,0.3043925875085793,-0.6884008236101579,0.2896362388469458,-0.6077556623198352,0.22580645161290322,-0.5271105010295126,0.13486616334934798,-0.2704186684969115,0.2793411118737131,-0.5277968428277282,0.22717913520933428,-0.4955387783115992,0.1259437199725463,-0.4310226492793411,0.056280027453671944
0,0.0,0.0,-0.4096774193548387,0.030322580645161273,-0.7593548387096775,0.3303225806451613,-0.9645161290322581,0.6670967741935484,-1.0812903225806452,1.0,-0.7161290322580645,0.24193548387096775,-0.9980645161290322,0.28516129032258064,-1.1632258064516128,0.3129032258064516,-1.28,0.35677419354838713,-0.56,0.31935483870967746,-0.8341935483870968,0.46838709677419355,-0.7535483870967743,0.48451612903225805,-0.6167741935483871,0.432258064516129,-0.42774193548387096,0.35677419354838713,-0.7096774193548387,0.4058064516129032,-0.6290322580645161,0.34967741935483876,-0.5445161290322581,0.26129032258064516,-0.3193548387096774,0.35806451612903223,-0.5690322580645162,0.3187096774193548,-0.5206451612903227,0.2425806451612903,-0.4561290322580645,0.13419354838709674
0,0.0,0.0,-0.33678398895790196,0.09213250517598343,-0.6735679779158039,0.3747412008281573,-0.9033816425120773,0.7091097308488613,-1.0262249827467218,1.0317460317460316,-0.6601104209799862,0.12560386473429952,-0.8271221532091096,0.09558316080055212,-0.8888888888888888,0.11318150448585235,-0.9565217391304348,0.16252587991718426,-0.5731538992408557,0.12629399585921325,-0.7401656314699793,0.34023464458247066,-0.6014492753623188,0.42132505175983437,-0.4409937888198757,0.39544513457556935,-0.45445134575569357,0.1704623878536922,-0.5955831608005522,0.29744651483781914,-0.4668737060041408,0.2815734989648033,-0.3440303657694962,0.23395445134575568,-0.32574189095928224,0.22049689440993786,-0.45100069013112487,0.2722567287784679,-0.3599033816425121,0.17529330572808832,-0.2746721877156659,0.07832988267770874
0,0.0,0.0,-0.35269066976384045,0.05342624854819977,-0.6968641114982579,0.32171893147502906,-0.897018970189702,0.6608594657375145,-1.0092915214866434,1.0317460317460316,-0.605497483546264,-0.027100271002710008,-0.7375145180023228,-0.0735578784359272,-0.8072009291521487,-0.07239643825009678,-0.8292682926829268,-0.039488966318234564,-0.467673248161053,-0.047619047619047616,-0.6399535423925667,0.1281455671699574,-0.47154471544715443,0.17692605497483546,-0.3031358885017421,0.14518002322880372,-0.36275648470770416,0.005032907471931858,-0.48741773132017036,0.10762679055361982,-0.3507549361207898,0.12466124661246611,-0.22260936895083233,0.12582268679829656,-0.2504839334107627,0.025938830816879588,-0.3433991482771971,0.09678668215253577,-0.2628726287262873,0.05652342237708091,-0.15060007742934567,0.008904374758033295
0,0.0,0.0,-0.328400281888654,0.09725158562367864,-0.6102889358703312,0.3763213530655391,-0.7931642001409442,0.7149400986610288,-0.8921775898520085,1.0303030303030303,-0.5465116279069767,0.12861169837914027,-0.7424242424242424,0.1074700493305144,-0.8322762508809021,0.10852713178294576,-0.9302325581395349,0.10147991543340379,-0.4615926708949965,0.1011275546159267,-0.6028893587033122,0.20718816067653278,-0.45736434108527124,0.16878083157152923,-0.29668780831571534,0.12332628611698379,-0.3847780126849894,0.05849189570119803,-0.4957716701902748,0.11804087385482734,-0.34214235377026075,0.026074700493305153,-0.21987315010570818,-0.06589147286821706,-0.2776603241719521,0.047216349541930935,-0.3431994362226921,0.006694855532064836,-0.2431289640591966,-0.10852713178294576,-0.13601127554615927,-0.2004933051444679
0,0.0,0.0,-0.42857142857142855,0.14285714285714285,-0.8154761904761905,0.42261904761904767,-1.0535714285714286,0.744047619047619,-1.1488095238095237,1.125,-0.7559523809523809,0.1845238095238095,-1.0119047619047619,0.1607142857142857,-1.1130952380952381,0.14880952380952384,-1.2142857142857142,0.11904761904761901,-0.625,0.11904761904761904,-0.8988095238095237,0.42261904761904767,-0.8452380952380952,0.5535714285714286,-0.7321428571428572,0.5595238095238095,-0.5238095238095237,0.08928571428571429,-0.7440476190476191,0.32142857142857145,-0.6904761904761905,0.38095238095238093,-0.5952380952380952,0.4166666666666667,-0.38095238095238093,0.0654761904761905,-0.6071428571428571,0.19047619047619047,-0.5654761904761905,0.25,-0.48809523809523814,0.26190476190476186
0,0.0,0.0,-0.42857142857142855,0.14285714285714285,-0.8095238095238095,0.4047619047619048,-1.0476190476190474,0.7261904761904762,-1.1666666666666667,1.0892857142857142,-0.7797619047619049,0.16071428571428573,-1.0119047619047619,0.1607142857142857,-1.1547619047619049,0.1071428571428571,-1.2142857142857142,0.10119047619047616,-0.6488095238095238,0.07738095238095237,-0.9404761904761905,0.38095238095238093,-0.8452380952380952,0.5119047619047619,-0.7083333333333334,0.5357142857142857,-0.5238095238095237,0.07142857142857142,-0.761904761904762,0.30357142857142855,-0.6845238095238095,0.40476190476190477,-0.5892857142857143,0.3988095238095238,-0.40476190476190477,0.047619047619047616,-0.6071428571428571,0.17261904761904762,-0.5833333333333333,0.25,-0.5238095238095238,0.27976190476190477
0,0.0,0.0,-0.4365079365079365,0.09523809523809526,-0.8306878306878307,0.3571428571428572,-1.0502645502645502,0.6825396825396826,-1.1481481481481481,1.074074074074074,-0.7804232804232805,0.15873015873015872,-1.0026455026455026,0.13756613756613756,-1.1507936507936507,0.12962962962962965,-1.2380952380952381,0.0978835978835979,-0.6666666666666666,0.07936507936507936,-0.9497354497354498,0.4391534391534392,-0.8941798941798942,0.5555555555555556,-0.7777777777777778,0.6031746031746031,-0.5396825396825397,0.05555555555555555,-0.7857142857142857,0.3677248677248677,-0.7301587301587302,0.47619047619047616,-0.6560846560846562,0.4920634920634921,-0.41798941798941797,0.05555555555555555,-0.626984126984127,0.23544973544973546,-0.6084656084656085,0.30158730158730157,-0.5291005291005291,0.29365079365079366
0,0.0,0.0,-0.41300602928509905,0.1124031007751938,-0.8027562446167097,0.3682170542635659,-1.020671834625323,0.7118863049095607,-1.1597760551248923,1.074074074074074,-0.7975882859603789,0.1731266149870801,-1.0430663221360894,0.17355727820844097,-1.1679586563307494,0.14599483204134361,-1.255813953488372,0.1136950904392765,-0.686046511627907,0.09819121447028425,-0.9685615848406547,0.4784668389319552,-0.8897502153316107,0.6175710594315245,-0.7971576227390181,0.6223083548664944,-0.5607235142118863,0.1020671834625323,-0.8062015503875969,0.39405684754521964,-0.7506459948320414,0.5193798449612403,-0.6533161068044789,0.5103359173126615,-0.41688199827734707,0.08268733850129198,-0.6253229974160207,0.2678725236864772,-0.6068044788975022,0.35142118863049093,-0.5465116279069767,0.3423772609819121
0,0.0,0.0,-0.41300602928509905,0.13565891472868216,-0.7747631352282516,0.3914728682170543,-0.9741602067183464,0.7118863049095607,-1.1132644272179155,1.074074074074074,-0.7510766580534022,0.10809646856158486,-0.9267872523686477,0.0852713178294574,-1.0516795865633075,0.0994832041343669,-1.1395348837209303,0.06718346253229979,-0.6395348837209303,0.05167958656330751,-0.8522825150732127,0.39018087855297157,-0.7967269595176572,0.5478036175710594,-0.7041343669250646,0.5525409130060293,-0.5142118863049095,0.05555555555555555,-0.7131782945736433,0.3242894056847545,-0.6576227390180879,0.4263565891472868,-0.5602928509905255,0.4405684754521964,-0.37037037037037035,0.059431524547803594,-0.578811369509044,0.2213608957795004,-0.5555555555555556,0.28639104220499567,-0.4720068906115418,0.2958656330749354
0,0.0,0.0,-0.40266912103083297,0.1228716060745513,-0.7754256787850897,0.3667740450989416,-0.98067188219052,0.7238840312931432,-1.1049240681086057,1.0754716981132075,-0.7234238380119651,0.1394385641969627,-0.9010584445467097,0.0994017487344685,-1.0276115968706856,0.09157846295444083,-1.0975609756097562,0.05936493327197423,-0.6125172572480442,0.07639208467556374,-0.8467556373676944,0.3815002300966406,-0.7657616198803497,0.5190980211688909,-0.6714219972388403,0.5246203405430281,-0.5016106764841234,0.07547169811320754,-0.684767602393005,0.3262770363552692,-0.6037735849056604,0.388403129314312,-0.5283018867924528,0.3561895996318454,-0.37735849056603776,0.08007363092498851,-0.5416474919466175,0.2388403129314312,-0.49838932351587667,0.2632305568338702,-0.417395306028532,0.22549470777726646
0,0.0,0.0,-0.35027472527472525,0.1391941391941392,-0.7106227106227105,0.42124542124542125,-0.9125457875457876,0.7335164835164836,-1.078754578754579,1.0892857142857142,-0.6973443223443224,0.21382783882783882,-0.8525641025641025,0.2348901098901099,-0.9184981684981686,0.2326007326007326,-0.9487179487179487,0.20467032967032972,-0.5769230769230769,0.15934065934065936,-0.7243589743589743,0.5018315018315018,-0.5760073260073261,0.6680402930402931,-0.43543956043956045,0.6501831501831502,-0.44642857142857145,0.18406593406593408,-0.5837912087912087,0.4752747252747253,-0.4610805860805861,0.5444139194139195,-0.3127289377289378,0.5164835164835164,-0.32371794871794873,0.17307692307692307,-0.45100732600732607,0.34386446886446886,-0.3896520146520147,0.31822344322344326,-0.2847985347985348,0.239010989010989
0,0.0,0.0,-0.35323801513877207,0.11312026913372583,-0.69932716568545,0.423044575273339,-0.9348191757779647,0.7460050462573592,-1.052565180824222,1.103448275862069,-0.6879730866274181,0.2249789739276703,-0.8633305298570227,0.26787216148023557,-0.9453322119428091,0.264928511354079,-0.975609756097561,0.26198486122792264,-0.5975609756097561,0.2165685449957948,-0.7586206896551724,0.552565180824222,-0.6408746846089151,0.7119428090832632,-0.4398654331370899,0.7262405382674517,-0.47266610597140457,0.20100925147182508,-0.5820016820857864,0.5298570227081582,-0.4398654331370899,0.6202691337258199,-0.29772918418839367,0.6173254835996635,-0.33052985702270815,0.2098402018502944,-0.4541631623212784,0.3578637510513036,-0.3708999158957107,0.3578637510513036,-0.2460050462573591,0.33052985702270815
0,0.0,0.0,-0.32195121951219513,0.12983114446529082,-0.5861163227016886,0.4532833020637899,-0.7579737335834896,0.7894934333958725,-0.9080675422138837,1.123076923076923,-0.47429643527204507,0.24540337711069415,-0.5677298311444653,0.25065666041275797,-0.6240150093808631,0.2532833020637899,-0.6585365853658536,0.2161350844277673,-0.34596622889305817,0.16435272045028143,-0.4457786116322702,0.4619136960600375,-0.2712945590994371,0.5080675422138836,-0.11482176360225144,0.501688555347092,-0.21125703564727957,0.12307692307692308,-0.28030018761726083,0.37185741088180113,-0.1455909943714822,0.41163227016885556,-0.004502814258911858,0.374484052532833,-0.10994371482176363,0.05741088180112572,-0.17260787992495308,0.22664165103189496,-0.06866791744840522,0.251031894934334,0.057035647279549684,0.21388367729831145
0,0.0,0.0,-0.3132487667371388,0.11945031712473575,-0.5718816067653277,0.4136715997181113,-0.7780126849894291,0.7755461592670895,-0.9083861874559549,1.121212121212121,-0.44538407329105,0.2367864693446089,-0.533121916842847,0.2389006342494715,-0.5916138125440451,0.21670190274841433,-0.627906976744186,0.13284002818886542,-0.313953488372093,0.17899929527836506,-0.39358703312191684,0.44573643410852715,-0.23291050035236077,0.49119097956307256,-0.08033826638477798,0.42248062015503873,-0.1835799859055673,0.13636363636363635,-0.2561663143058492,0.3798449612403101,-0.08738548273432001,0.3798449612403101,0.05003523608174765,0.29598308668076106,-0.08456659619450319,0.06342494714587735,-0.1268498942917547,0.23009161381254403,0.011627906976744207,0.23009161381254403,0.13389711064129667,0.14622973925299507
0,0.0,0.0,-0.33333333333333337,0.1111111111111111,-0.6041666666666667,0.40277777777777773,-0.8055555555555556,0.7638888888888888,-0.9375,1.0972222222222223,-0.45138888888888884,0.18749999999999997,-0.5069444444444445,0.1736111111111111,-0.5416666666666667,0.1388888888888889,-0.6041666666666667,0.10416666666666669,-0.33333333333333337,0.11805555555555555,-0.4166666666666667,0.3888888888888889,-0.2569444444444445,0.4444444444444444,-0.15277777777777773,0.4027777777777778,-0.21527777777777776,0.0763888888888889,-0.2777777777777778,0.3263888888888889,-0.14583333333333337,0.34027777777777773,-0.041666666666666685,0.2847222222222222,-0.125,0.03472222222222224,-0.15972222222222227,0.18750000000000003,-0.020833333333333315,0.18750000000000003,0.07638888888888895,0.13194444444444445
0,0.0,0.0,-0.34162706178361757,0.09421302767682416,-0.6083310036343305,0.41403410679340225,-0.8065417948001119,0.7548224769359799,-0.9158512720156555,1.095890410958904,-0.43891529214425495,0.1822756499860218,-0.5085266983505732,0.16801789208834222,-0.5638803466592117,0.11993290466871681,-0.5714285714285714,0.06513838412077161,-0.3231758456807381,0.1288789488398099,-0.42018451216102876,0.36818563041655017,-0.2767682415431926,0.4366787811014817,-0.11965334078837014,0.3751747274252166,-0.24126362873916687,0.06877271456527817,-0.30388593793681856,0.32177802627900476,-0.15376013419066253,0.3150684931506849,-0.030752026838132496,0.2602739726027397,-0.15236231478892925,0.015376013419066248,-0.1875873637126083,0.16606094492591555,-0.07156835336874473,0.18646910819122167,0.05814928711210515,0.13167458764327647
0,0.0,0.0,-0.29253857535404776,0.11857958148383005,-0.5149017121116043,0.41132952864087935,-0.6880152187698161,0.7533291058972733,-0.8008877615726062,1.0963855421686748,-0.37772141196364406,0.181145635172268,-0.4487423377721412,0.14943986472204607,-0.4584654407102092,0.07165504121750155,-0.4736842105263158,-0.011625449165081403,-0.28344958782498414,0.12724582540689072,-0.34347917987740434,0.3606002959205242,-0.15937433946311563,0.3616571549355316,0.02473050095117313,0.2553371380257874,-0.2001690974424012,0.08539420841259776,-0.24159797083069123,0.30120481927710846,-0.051997463538363986,0.28366095962798565,0.1025153244557176,0.18283660959627984,-0.12238427393785672,0.019446205876136158,-0.150708095540055,0.16402451912914817,-0.014796026210103563,0.16402451912914817,0.11562037624180932,0.10378355527372651
0,0.0,0.0,-0.28771929824561404,0.1219814241486068,-0.5170278637770898,0.43199174406604746,-0.6815273477812177,0.7541795665634675,-0.7929824561403509,1.1058823529411765,-0.377296181630547,0.18596491228070172,-0.4253869969040248,0.15624355005159957,-0.4437564499484004,0.09742002063983485,-0.4385964912280702,0.015273477812177472,-0.26604747162022707,0.1283797729618163,-0.320123839009288,0.339938080495356,-0.12074303405572762,0.3519091847265222,0.043550051599587136,0.26398348813209493,-0.1663570691434469,0.0825593395252838,-0.20268317853457174,0.2883384932920537,-0.015067079463364275,0.2707946336429309,0.11991744066047472,0.1711042311661507,-0.09576883384932922,0.024974200206398345,-0.11434468524251812,0.18369453044375644,0.02043343653250773,0.15438596491228074,0.16119711042311657,0.08978328173374617
0,0.0,0.0,-0.23076923076923078,0.1324786324786325,-0.44188034188034186,0.45128205128205134,-0.6059829059829059,0.782051282051282,-0.72991452991453,1.1,-0.2803418803418803,0.2153846153846154,-0.34444444444444444,0.15726495726495732,-0.36581196581196573,0.10170940170940174,-0.36923076923076925,0.0418803418803419,-0.18119658119658116,0.14444444444444446,-0.24102564102564095,0.36410256410256414,-0.029059829059829068,0.3931623931623932,0.1367521367521367,0.28717948717948716,-0.09059829059829055,0.12222222222222222,-0.13247863247863245,0.3153846153846154,0.04871794871794877,0.3,0.20341880341880342,0.19829059829059828,-0.023931623931623902,0.07777777777777778,-0.06324786324786325,0.22649572649572647,0.08461538461538465,0.2,0.2170940170940171,0.14017094017094017
0,0.0,0.0,-0.26030219780219777,0.11177884615384615,-0.4800824175824176,0.41964285714285715,-0.6588255494505495,0.7529189560439561,-0.7826236263736264,1.0879120879120878,-0.29773351648351654,0.1662087912087912,-0.37225274725274726,0.1251717032967033,-0.39010989010989006,0.054601648351648324,-0.375,0.006009615384615363,-0.19763049450549453,0.10594093406593406,-0.26287774725274726,0.33499313186813184,-0.06559065934065933,0.34769917582417587,0.1004464285714286,0.25686813186813184,-0.10679945054945056,0.07864010989010989,-0.14371565934065933,0.2810782967032967,0.026957417582417542,0.2654532967032967,0.18200549450549453,0.17925824175824176,-0.04086538461538464,0.029361263736263743,-0.07606456043956045,0.1878434065934066,0.07263049450549453,0.1612293956043956,0.21668956043956045,0.07503434065934067
0,0.0,0.0,-0.29521016617790813,0.12218963831867055,-0.5405669599217986,0.4208211143695014,-0.7150537634408601,0.7556207233626588,-0.7991202346041055,1.118279569892473,-0.3949169110459433,0.15933528836754643,-0.46480938416422285,0.11436950146627567,-0.49853372434017595,0.03030303030303033,-0.5151515151515151,-0.04301075268817206,-0.29325513196480935,0.09335288367546431,-0.36314760508308896,0.29569892473118276,-0.1969696969696969,0.30840664711632454,-0.05474095796676448,0.20478983382209187,-0.19403714565004887,0.053274682306940366,-0.2468230694037145,0.2297165200391007,-0.09579667644183776,0.1994134897360704,0.024926686217008776,0.11534701857282503,-0.1295210166177908,-0.008308895405669647,-0.16520039100684258,0.09481915933528834,-0.05083088954056697,0.08406647116324534,0.05913978494623656,0.015151515151515138
0,0.0,0.0,-0.31648351648351647,0.13846153846153847,-0.5824175824175823,0.42637362637362636,-0.7714285714285714,0.7670329670329671,-0.8791208791208791,1.098901098901099,-0.42857142857142855,0.18681318681318684,-0.5582417582417583,0.1296703296703297,-0.5824175824175823,0.07032967032967036,-0.6,-0.015384615384615385,-0.3252747252747253,0.10989010989010989,-0.42417582417582417,0.31648351648351647,-0.27032967032967026,0.3604395604395605,-0.1406593406593406,0.30109890109890114,-0.20879120879120877,0.054945054945054944,-0.30549450549450546,0.25054945054945055,-0.178021978021978,0.23956043956043954,-0.059340659340659296,0.2,-0.12747252747252746,-0.0065934065934066255,-0.1912087912087912,0.10329670329670326,-0.10109890109890113,0.1076923076923077,-0.00439560439560438,0.10989010989010989
0,0.0,0.0,-0.3357753357753358,0.12087912087912087,-0.6031746031746031,0.42857142857142855,-0.7875457875457876,0.7606837606837606,-0.9010989010989011,1.098901098901099,-0.442002442002442,0.15628815628815626,-0.5567765567765568,0.14285714285714285,-0.6043956043956044,0.08302808302808301,-0.6349206349206349,-0.0036630036630037055,-0.31990231990231993,0.08302808302808301,-0.41391941391941395,0.26373626373626374,-0.2625152625152625,0.27594627594627597,-0.14285714285714285,0.1684981684981685,-0.21245421245421248,0.020757020757020767,-0.29426129426129427,0.1746031746031746,-0.16971916971916978,0.1318681318681319,-0.07692307692307693,0.07203907203907206,-0.13064713064713068,-0.047619047619047616,-0.1953601953601954,0.014652014652014655,-0.08791208791208799,-0.0073260073260073,0.02075702075702074,-0.051282051282051266
0,0.0,0.0,-0.34285714285714286,0.10102707749766571,-0.6298786181139122,0.39850606909430436,-0.8345471521942109,0.742483660130719,-0.9486461251167133,1.0941176470588236,-0.5217553688141923,0.13744164332399625,-0.6935574229691877,0.11858076563958914,-0.7712418300653594,0.05975723622782442,-0.8095238095238095,0.012698412698412653,-0.38711484593837536,0.09990662931839402,-0.5824463118580766,0.28814192343604106,-0.46423902894491126,0.30345471521942113,-0.338375350140056,0.20877684407096173,-0.26069094304388424,0.08590102707749767,-0.4207282913165266,0.23473389355742297,-0.3342670401493931,0.2188608776844071,-0.22016806722689075,0.17180205415499533,-0.14248366013071895,0.06423902894491129,-0.27899159663865547,0.15014005602240899,-0.2160597572362279,0.13837535014005603,-0.11372549019607847,0.09131652661064427
0,0.0,0.0,-0.33815261044176703,0.09337349397590361,-0.6170682730923694,0.38875502008032126,-0.8283132530120482,0.7351405622489959,-0.9506024096385541,1.0963855421686748,-0.5060240963855421,0.14979919678714856,-0.6636546184738955,0.1321285140562249,-0.7248995983935743,0.07188755020080323,-0.7666666666666666,-0.009638554216867434,-0.3652610441767068,0.12309236947791163,-0.5636546184738955,0.28714859437751006,-0.42469879518072284,0.2853413654618474,-0.29036144578313255,0.16586345381526105,-0.25040160642570286,0.09176706827309238,-0.3959839357429719,0.2604417670682731,-0.29036144578313255,0.22248995983935743,-0.1847389558232932,0.1289156626506024,-0.15682730923694777,0.08172690763052212,-0.2783132530120482,0.1855421686746988,-0.21345381526104423,0.1401606425702811,-0.10783132530120482,0.0753012048192771
0,0.0,0.0,-0.3326835607537362,0.09746588693957114,-0.6075373619233269,0.3957115009746589,-0.8258609486679662,0.7348927875243665,-0.9577647823261858,1.1111111111111112,-0.5061728395061729,0.1585445094217024,-0.6653671215074723,0.14230019493177387,-0.7309941520467835,0.09811565951916829,-0.7543859649122807,0.04873294346978557,-0.3762183235867446,0.11371020142949967,-0.5601039636127356,0.34632878492527613,-0.42105263157894735,0.39571150097465885,-0.28200129954515923,0.3112410656270305,-0.2566601689408707,0.0935672514619883,-0.40350877192982454,0.2962962962962963,-0.29434697855750486,0.2787524366471735,-0.17283950617283955,0.21702404158544508,-0.15984405458089668,0.06107862248213125,-0.2871994801819363,0.16699155295646523,-0.20272904483430798,0.15464587394411955,-0.10591293047433398,0.12280701754385964
0,0.0,0.0,-0.32654088050314467,0.06641509433962264,-0.609811320754717,0.3683018867924528,-0.8130817610062893,0.7202515723270441,-0.9818867924528303,1.0933333333333333,-0.5066666666666667,0.13182389937106917,-0.6845283018867925,0.14616352201257865,-0.7423899371069183,0.09836477987421383,-0.7924528301886793,0.06389937106918236,-0.3989937106918239,0.1031446540880503,-0.5524528301886793,0.359748427672956,-0.41584905660377364,0.399748427672956,-0.2847798742138365,0.359748427672956,-0.2890566037735849,0.08779874213836479,-0.4347169811320755,0.28,-0.2981132075471698,0.29333333333333333,-0.19924528301886796,0.2211320754716981,-0.20352201257861638,0.0591194968553459,-0.32251572327044026,0.17358490566037738,-0.23144654088050315,0.14138364779874213,-0.12704402515723273,0.10138364779874215
0,0.0,0.0,-0.33461538461538465,0.07076923076923078,-0.6130769230769231,0.39179487179487177,-0.8366666666666667,0.7484615384615384,-0.9876923076923078,1.0933333333333333,-0.525897435897436,0.1712820512820513,-0.688974358974359,0.15487179487179492,-0.7453846153846154,0.1207692307692308,-0.8076923076923077,0.08666666666666667,-0.38384615384615384,0.12564102564102564,-0.5676923076923077,0.3833333333333333,-0.43000000000000005,0.43666666666666665,-0.29820512820512823,0.39666666666666667,-0.27282051282051284,0.10666666666666667,-0.43589743589743585,0.31256410256410255,-0.31153846153846154,0.29333333333333333,-0.2123076923076923,0.24,-0.20025641025641028,0.05512820512820513,-0.3425641025641026,0.16923076923076924,-0.2448717948717949,0.13666666666666666,-0.15897435897435896,0.08333333333333331
0,0.0,0.0,-0.34040880503144655,0.09250524109014674,-0.6142557651991614,0.3943920335429769,-0.8425052410901468,0.7319182389937108,-0.9635744234800838,1.0972222222222223,-0.5138888888888888,0.15513626834381555,-0.6933962264150944,0.1661425576519916,-0.7945492662473794,0.11058700209643607,-0.8490566037735849,0.06892033542976939,-0.37290356394129975,0.13810272536687632,-0.57520964360587,0.4030398322851153,-0.43527253668763105,0.47746331236897277,-0.3142033542976939,0.4169287211740042,-0.26074423480083864,0.1160901467505241,-0.45414046121593293,0.32940251572327045,-0.34696016771488475,0.32940251572327045,-0.2447589098532495,0.2361111111111111,-0.18632075471698112,0.08018867924528303,-0.3569182389937107,0.19523060796645703,-0.2775157232704402,0.18134171907756813,-0.18920335429769392,0.12578616352201255
0,0.0,0.0,-0.3020408163265306,0.07566718995290422,-0.5736263736263736,0.381789638932496,-0.7886970172684459,0.6985871271585558,-0.9268445839874411,1.0615384615384615,-0.5076923076923077,0.14160125588697015,-0.6722135007849294,0.14631083202511774,-0.7698587127158556,0.12558869701726844,-0.8571428571428572,0.08445839874411304,-0.3698587127158556,0.09638932496075353,-0.565149136577708,0.4291993720565149,-0.4474097331240188,0.5265306122448979,-0.37048665620094196,0.4803767660910518,-0.24709576138147568,0.09733124018838304,-0.41161695447409735,0.3585557299843014,-0.3296703296703297,0.3893249607535322,-0.2731554160125588,0.32778649921507064,-0.16514913657770802,0.06750392464678182,-0.31930926216640504,0.2163265306122449,-0.25274725274725274,0.23673469387755106,-0.19120879120879125,0.19560439560439563
0,0.0,0.0,-0.3072916666666667,0.0625,-0.5833333333333334,0.35416666666666663,-0.8020833333333334,0.6979166666666666,-0.9375,1.046875,-0.4947916666666667,0.13020833333333331,-0.6666666666666666,0.171875,-0.765625,0.13020833333333337,-0.875,0.08854166666666663,-0.359375,0.10416666666666666,-0.5572916666666666,0.421875,-0.453125,0.5416666666666667,-0.39583333333333337,0.4739583333333333,-0.25,0.10416666666666666,-0.4375,0.3697916666666667,-0.3385416666666667,0.4010416666666667,-0.296875,0.3177083333333333,-0.16666666666666666,0.07291666666666666,-0.3229166666666667,0.22395833333333334,-0.2552083333333333,0.22395833333333334,-0.21354166666666669,0.18229166666666666
0,0.0,0.0,-0.3200899550224887,0.0712143928035982,-0.6266866566716641,0.3755622188905547,-0.8425787106446776,0.6964017991004499,-0.9940029985007497,1.0517241379310345,-0.56071964017991,0.13718140929535233,-0.7151424287856072,0.17691154422788602,-0.8313343328335833,0.12518740629685154,-0.9130434782608696,0.05622188905547226,-0.4565217391304348,0.10119940029985008,-0.623688155922039,0.4295352323838081,-0.5502248875562219,0.5374812593703149,-0.42503748125937035,0.5029985007496252,-0.3395802098950525,0.11694152923538231,-0.5157421289355323,0.38455772113943026,-0.42503748125937035,0.42353823088455766,-0.3343328335832084,0.37181409295352325,-0.24887556221889054,0.09820089955022489,-0.4122938530734632,0.2661169415292354,-0.356071964017991,0.2661169415292354,-0.2653673163418291,0.23613193403298355
0,0.0,0.0,-0.34326018808777425,0.08307210031347961,-0.6355799373040752,0.37852664576802514,-0.853448275862069,0.7092476489028212,-1.0078369905956113,1.0517241379310345,-0.5854231974921631,0.1731974921630094,-0.7413793103448276,0.195141065830721,-0.8565830721003135,0.17163009404388718,-0.9545454545454546,0.16536050156739812,-0.4772727272727273,0.1520376175548589,-0.6849529780564263,0.44435736677115983,-0.6105015673981191,0.5815047021943573,-0.46159874608150475,0.5642633228840126,-0.38009404388714735,0.1426332288401254,-0.5360501567398119,0.3894984326018809,-0.46159874608150475,0.4294670846394984,-0.36990595611285265,0.4004702194357367,-0.3056426332288401,0.11598746081504702,-0.44984326018808773,0.2601880877742947,-0.36990595611285265,0.2601880877742947,-0.25548589341692796,0.19122257053291536
0,0.0,0.0,-0.36322188449848025,0.08016717325227965,-0.6804711246200608,0.37803951367781163,-0.905015197568389,0.6979483282674772,-1.036854103343465,1.0535714285714286,-0.6242401215805472,0.15425531914893614,-0.7925531914893617,0.15007598784194526,-0.9141337386018238,0.11778115501519754,-0.9787234042553191,0.08890577507598785,-0.5212765957446809,0.14817629179331304,-0.743161094224924,0.44756838905775076,-0.6683130699088146,0.5828267477203647,-0.5364741641337386,0.5683890577507599,-0.40045592705167177,0.1778115501519757,-0.611322188449848,0.43465045592705165,-0.5364741641337386,0.4737841945288753,-0.42591185410334353,0.4627659574468085,-0.2864741641337386,0.16831306990881462,-0.46162613981762923,0.30433130699088146,-0.42249240121580545,0.2864741641337386,-0.36892097264437695,0.2541793313069909
0,0.0,0.0,-0.39335664335664333,0.05769230769230768,-0.7604895104895104,0.37237762237762234,-0.9825174825174825,0.715034965034965,-1.0821678321678323,1.0769230769230769,-0.6783216783216783,0.13286713286713286,-0.8636363636363636,0.1048951048951049,-0.9755244755244755,0.09265734265734266,-1.0681818181818181,0.08041958041958042,-0.5681818181818181,0.15034965034965034,-0.8111888111888111,0.4300699300699301,-0.715034965034965,0.5332167832167832,-0.5961538461538461,0.5174825174825175,-0.43881118881118886,0.16433566433566432,-0.6503496503496504,0.44405594405594406,-0.5926573426573427,0.46678321678321677,-0.4737762237762238,0.4125874125874126,-0.31643356643356646,0.18181818181818182,-0.5314685314685315,0.3321678321678322,-0.47027972027972026,0.3129370629370629,-0.3706293706293706,0.2325174825174825
0,0.0,0.0,-0.41681574239713776,0.08273703041144903,-0.7871198568872988,0.36180679785330944,-0.9915026833631484,0.7097495527728086,-1.0876565295169947,1.0769230769230769,-0.701252236135957,0.11806797853309481,-0.8855098389982111,0.0876565295169946,-0.977638640429338,0.053220035778175356,-1.069767441860465,0.04203935599284436,-0.565742397137746,0.10912343470483005,-0.8349731663685152,0.3711985688729875,-0.73479427549195,0.4713774597495528,-0.6153846153846154,0.4754025044722719,-0.4382826475849732,0.14266547406082292,-0.6690518783542039,0.3814847942754919,-0.592128801431127,0.42397137745974955,-0.4919499105545617,0.38953488372093026,-0.3340787119856887,0.1569767441860465,-0.526386404293381,0.287567084078712,-0.4686940966010733,0.287567084078712,-0.3877459749552773,0.2298747763864043
0,0.0,0.0,-0.42512820512820515,0.10205128205128206,-0.7933333333333333,0.3328205128205128,-1.0102564102564102,0.6635897435897437,-1.1358974358974359,1.06,-0.6938461538461539,0.04205128205128206,-0.8882051282051282,-0.00666666666666671,-1.0025641025641026,-0.041025641025641046,-1.0769230769230769,-0.07538461538461538,-0.5712820512820513,0.002564102564102555,-0.8512820512820514,0.27384615384615385,-0.7456410256410256,0.3394871794871795,-0.62,0.3251282051282051,-0.43435897435897436,0.02871794871794872,-0.6743589743589743,0.24871794871794872,-0.5943589743589743,0.27435897435897433,-0.48871794871794877,0.26564102564102565,-0.3230769230769231,0.03487179487179487,-0.523076923076923,0.1892307692307692,-0.4574358974358975,0.16923076923076924,-0.3517948717948718,0.08358974358974364
0,0.0,0.0,-0.4644607843137255,0.06862745098039216,-0.9705882352941176,0.35416666666666663,-1.2549019607843137,0.7144607843137255,-1.3762254901960784,1.1041666666666667,-0.8737745098039216,0.10661764705882354,-1.1617647058823528,0.031862745098039214,-1.3075980392156863,-0.060049019607843146,-1.4411764705882353,-0.10171568627450978,-0.7352941176470589,0.0465686274509804,-1.0355392156862746,0.22549019607843135,-0.9816176470588236,0.15808823529411764,-0.9362745098039216,0.00735294117647059,-0.5759803921568627,0.028186274509803932,-0.8431372549019608,0.15686274509803919,-0.8100490196078431,0.07720588235294118,-0.7561274509803921,-0.01470588235294118,-0.4252450980392157,0.04779411764705882,-0.6715686274509804,0.07598039215686275,-0.6384803921568628,0.004901960784313764,-0.5759803921568627,-0.09558823529411764
0,0.0,0.0,-0.4295125164690382,0.12055335968379444,-0.9025032938076416,0.38471673254281946,-1.1976284584980237,0.7575757575757576,-1.3537549407114624,1.1304347826086956,-0.8333333333333333,0.06851119894598157,-1.1330698287220025,0.01185770750988141,-1.3155467720685112,-0.05335968379446643,-1.4242424242424243,-0.06653491436100128,-0.7206851119894598,0.038866930171278,-1.0553359683794468,0.24769433465085638,-0.9986824769433464,0.15678524374176547,-0.9202898550724639,0.030961791831357055,-0.5342555994729907,0.05270092226613965,-0.8557312252964426,0.20948616600790515,-0.790513833992095,0.07509881422924902,-0.7338603425559947,-0.050724637681159424,-0.34782608695652173,0.1054018445322793,-0.6258234519104084,0.13636363636363635,-0.6126482213438735,0.05401844532279315,-0.5559947299077734,-0.0718050065876153
0,0.0,0.0,-0.5434782608695652,0.043478260869565216,-1.0869565217391304,0.32608695652173914,-1.391304347826087,0.717391304347826,-1.608695652173913,1.1304347826086956,-0.9782608695652174,0.15217391304347827,-1.391304347826087,0.2391304347826087,-1.6304347826086956,0.30434782608695654,-1.8260869565217392,0.3695652173913043,-0.782608695652174,0.17391304347826086,-1.1956521739130435,0.30434782608695654,-1.1739130434782608,0.1956521739130435,-1.1521739130434783,0.0,-0.6086956521739131,0.17391304347826086,-0.9347826086956521,0.2173913043478261,-0.9782608695652174,-0.021739130434782594,-0.9565217391304348,-0.2173913043478261,-0.3695652173913043,0.2173913043478261,-0.6304347826086957,0.15217391304347827,-0.6086956521739131,-0.043478260869565244,-0.5652173913043478,-0.1739130434782608
0,0.0,0.0,-0.548792270531401,0.039613526570048296,-1.0763285024154587,0.32270531400966185,-1.4280193236714975,0.7169082125603864,-1.5816425120772948,1.1555555555555554,-0.9458937198067632,0.10531400966183574,-1.2550724637681159,0.01642512077294686,-1.4106280193236715,-0.07149758454106278,-1.5652173913043477,-0.1816425120772947,-0.7497584541062802,0.08792270531400967,-1.1256038647342996,0.2657004830917874,-1.1458937198067634,0.11304347826086958,-1.0782608695652174,-0.08405797101449275,-0.5971014492753624,0.11400966183574879,-0.9062801932367149,0.18260869565217394,-0.948792270531401,-0.014492753623188415,-0.881159420289855,-0.21159420289855074,-0.35652173913043483,0.13913043478260873,-0.6434782608695652,0.1198067632850241,-0.642512077294686,-0.05507246376811592,-0.6405797101449275,-0.20869565217391306
0,0.0,0.0,-0.5700483091787439,0.018357487922705307,-1.1188405797101448,0.23574879227053142,-1.4927536231884058,0.6512077294685991,-1.7777777777777777,1.0019323671497584,-0.8579710144927537,0.08502415458937197,-1.1681159420289855,-0.17777777777777778,-1.3671497584541061,-0.3748792270531401,-1.4782608695652173,-0.5285024154589372,-0.6183574879227053,0.06763285024154589,-1.0608695652173914,0.004830917874396129,-1.081159420289855,-0.2135265700483092,-1.0135265700483091,-0.4318840579710145,-0.4222222222222222,0.09371980676328504,-0.7980676328502416,-0.03478260869565214,-0.8405797101449275,-0.29758454106280197,-0.8386473429951691,-0.5159420289855072,-0.24734299516908212,0.16231884057971013,-0.5352657004830919,-0.03188405797101446,-0.5777777777777777,-0.25120772946859904,-0.5323671497584541,-0.44734299516908211,0.0,0.0,-0.40227703984819735,-0.05977229601518025,-0.8045540796963947,0.0218216318785579,-1.2011385199240987,0.12144212523719167,-1.5388994307400379,0.2125237191650854,-0.7666034155597723,0.167931688804554,-1.5654648956356736,0.23244781783681212,-1.9060721062618595,0.18595825426944967,-2.0,0.13946869070208734,-0.7020872865275143,0.18311195445920303,-1.6242884250474383,0.24193548387096775,-1.935483870967742,0.19544592030360525,-1.967741935483871,0.15180265654648956,-0.6992409867172675,0.16318785578747624,-1.5303605313092978,0.22201138519924096,-1.8415559772296015,0.21062618595825425,-1.935483870967742,0.19924098671726753,-0.760910815939279,0.16982922201138517,-1.4686907020872866,0.20208728652751423,-1.747628083491461,0.2286527514231499,-1.903225806451613,0.1935483870967742
1,0.0,0.0,-0.372865275142315,-0.05977229601518025,-0.7722960151802657,0.0218216318785579,-1.1394686907020875,0.12144212523719167,-1.4772296015180266,0.24193548387096775,-0.7049335863377608,0.167931688804554,-1.5360531309297913,0.23244781783681212,-1.876660341555977,0.18311195445920303,-2.0,0.1688804554079697,-0.6404174573055028,0.18311195445920303,-1.5948766603415558,0.20967741935483875,-1.9060721062618595,0.16318785578747624,-1.9383301707779887,0.1489563567362429,-0.6698292220113852,0.1603415559772296,-1.5303605313092978,0.22201138519924096,-1.8415559772296015,0.17836812144212524,-1.9060721062618595,0.16698292220113853,-0.6992409867172675,0.13757115749525617,-1.407020872865275,0.2314990512333966,-1.6859582542694498,0.19639468690702086,-1.8415559772296015,0.19070208728652752
1,0.0,0.0,-0.3649769585253456,-0.04884792626728113,-0.7622119815668202,0.037788018433179804,-1.1520737327188941,0.13824884792626735,-1.456221198156682,0.22764976958525351,-0.7548387096774194,0.18894009216589858,-1.5419354838709678,0.2534562211981567,-1.8783410138248846,0.23133640552995394,-2.0,0.1806451612903226,-0.6580645161290323,0.19907834101382493,-1.5990783410138247,0.25622119815668204,-1.9069124423963133,0.20552995391705065,-1.9391705069124425,0.18709677419354837,-0.6866359447004609,0.14101382488479264,-1.5345622119815667,0.2304147465437788,-1.8423963133640553,0.18341013824884794,-1.9069124423963133,0.16866359447004609,-0.7474654377880184,0.17235023041474654,-1.4129032258064518,0.2046082949308756,-1.6884792626728111,0.19723502304147464,-1.8423963133640553,0.22211981566820277
1,0.0,0.0,-0.3658088235294118,-0.06985294117647056,-0.7591911764705883,-0.02573529411764708,-1.1525735294117647,0.06985294117647056,-1.4852941176470589,0.18933823529411764,-0.7261029411764706,0.11029411764705888,-1.5441176470588234,0.20220588235294112,-1.9080882352941178,0.13051470588235292,-2.0,0.12132352941176472,-0.6636029411764706,0.13051470588235292,-1.5716911764705883,0.15808823529411764,-1.8768382352941178,0.14705882352941174,-1.96875,0.10845588235294118,-0.6617647058823529,0.11580882352941174,-1.5110294117647058,0.20588235294117646,-1.8455882352941178,0.16727941176470587,-1.9375,0.13051470588235292,-0.7224264705882353,0.10110294117647059,-1.4191176470588234,0.19301470588235292,-1.6930147058823528,0.18933823529411764,-1.8455882352941178,0.1875
1,0.0,0.0,-0.3646953405017921,-0.010752688172043001,-0.7526881720430108,0.05734767025089604,-1.1684587813620073,0.18637992831541217,-1.4964157706093189,0.30197132616487454,-0.7114695340501792,0.18100358422939067,-1.5474910394265233,0.2455197132616488,-1.8799283154121862,0.2508960573476702,-2.0,0.19623655913978494,-0.706989247311828,0.21415770609318996,-1.575268817204301,0.24193548387096775,-1.907706093189964,0.2150537634408602,-1.9722222222222223,0.19713261648745523,-0.674731182795699,0.21057347670250892,-1.543010752688172,0.21057347670250892,-1.8476702508960572,0.22043010752688172,-1.9399641577060933,0.2025089605734767,-0.7347670250896057,0.17473118279569894,-1.4229390681003584,0.23476702508960576,-1.7231182795698925,0.19802867383512546,-1.875448028673835,0.22132616487455198
1,0.0,0.0,-0.41216216216216217,-0.03885135135135137,-0.7888513513513513,0.05320945945945943,-1.1925675675675675,0.15118243243243246,-1.5109797297297298,0.2947635135135135,-0.7179054054054055,0.20354729729729726,-1.5025337837837838,0.26604729729729726,-1.852195945945946,0.24493243243243246,-2.0,0.19256756756756754,-0.6554054054054055,0.20945945945945943,-1.5565878378378377,0.2635135135135135,-1.879222972972973,0.23817567567567566,-1.941722972972973,0.22128378378378377,-0.6824324324324325,0.17567567567567566,-1.5253378378378377,0.2339527027027027,-1.820945945945946,0.24408783783783783,-1.883445945945946,0.20016891891891891,-0.7407094594594594,0.16891891891891891,-1.4087837837837838,0.23141891891891891,-1.7314189189189189,0.22297297297297297,-1.847972972972973,0.1875
1,0.0,0.0,-0.330316742081448,0.019607843137254943,-0.7413273001508296,0.10482654600301666,-1.1485671191553544,0.2262443438914027,-1.4788838612368025,0.3325791855203619,-0.7081447963800905,0.248868778280543,-1.5007541478129713,0.3076923076923077,-1.8604826546003017,0.2850678733031674,-1.9705882352941178,0.23680241327300156,-0.6749622926093515,0.25188536953242835,-1.526395173453997,0.3325791855203619,-1.8348416289592762,0.30995475113122173,-1.9230769230769231,0.2911010558069381,-0.6749622926093515,0.22171945701357465,-1.4969834087481146,0.30241327300150833,-1.8054298642533937,0.28355957767722473,-1.8936651583710407,0.24283559577677227,-0.7300150829562595,0.2134238310708899,-1.416289592760181,0.29788838612368024,-1.7209653092006034,0.29034690799396684,-1.8861236802413273,0.2571644042232277
1,0.0,0.0,-0.4441176470588235,-0.03529411764705881,-0.9,0.02941176470588236,-1.3264705882352943,0.15147058823529413,-1.6485294117647058,0.2808823529411765,-0.723529411764706,0.26617647058823524,-1.539705882352941,0.3205882352941176,-1.8661764705882353,0.2397058823529411,-2.0,0.21764705882352942,-0.6647058823529413,0.28970588235294115,-1.5602941176470588,0.3147058823529411,-1.8661764705882353,0.31323529411764706,-1.95,0.2661764705882353,-0.6897058823529412,0.25,-1.5014705882352941,0.3044117647058824,-1.836764705882353,0.2823529411764706,-1.9205882352941175,0.23970588235294119,-0.7441176470588236,0.23529411764705882,-1.3970588235294117,0.2647058823529412,-1.6985294117647058,0.25588235294117645,-1.861764705882353,0.24705882352941178
1,0.0,0.0,-0.4298245614035088,-0.017543859649122806,-0.8283208020050126,0.05513784461152882,-1.2218045112781954,0.18922305764411018,-1.5200501253132832,0.33709273182957394,-0.6942355889724311,0.3070175438596492,-1.443609022556391,0.33333333333333337,-1.794486215538847,0.26817042606516284,-1.9210526315789473,0.22932330827067676,-0.6390977443609023,0.33959899749373434,-1.488721804511278,0.31077694235588976,-1.818295739348371,0.2957393483709273,-1.9210526315789473,0.2330827067669173,-0.6604010025062657,0.29072681704260656,-1.4862155388471177,0.2882205513784461,-1.7656641604010024,0.29949874686716793,-1.868421052631579,0.23934837092731828,-0.7105263157894737,0.2894736842105263,-1.362155388471178,0.3157894736842105,-1.6390977443609023,0.3107769423558897,-1.7894736842105263,0.3057644110275689
1,0.0,0.0,-0.44484197972570066,0.00536672629695889,-0.8568872987477638,0.07811568276684555,-1.2409063804412641,0.2319618366129994,-1.531902206320811,0.3762671437090041,-0.7286821705426356,0.2975551580202742,-1.4830053667262968,0.32558139534883723,-1.825283243887895,0.3088849135360763,-1.9230769230769231,0.24567680381633877,-0.6750149075730472,0.3297555158020274,-1.5271317829457365,0.30411449016100184,-1.825283243887895,0.28741800834824094,-1.8998211091234347,0.24985092426952893,-0.6469886702444843,0.3315444245676804,-1.4758497316636852,0.30590339892665475,-1.7740011926058439,0.29159212880143115,-1.874180083482409,0.2564102564102564,-0.6958855098389982,0.3076923076923077,-1.3548002385211686,0.3076923076923077,-1.65056648777579,0.3261776982707215,-1.797257006559332,0.2981514609421586
1,0.0,0.0,-0.3994579945799458,0.008130081300813052,-0.8390243902439025,0.07859078590785906,-1.2520325203252032,0.20271002710027108,-1.553929539295393,0.315989159891599,-0.7392953929539295,0.24010840108401077,-1.4807588075880758,0.28888888888888886,-1.8092140921409214,0.29593495934959346,-1.9268292682926829,0.23631436314363147,-0.6883468834688347,0.2715447154471545,-1.5474254742547426,0.2672086720867209,-1.8536585365853657,0.25203252032520324,-1.951219512195122,0.23902439024390243,-0.6617886178861789,0.27208672086720875,-1.4986449864498645,0.2699186991869919,-1.8292682926829267,0.28130081300813004,-1.9024390243902438,0.24607046070460706,-0.7084010840108401,0.2704607046070461,-1.3588075880758808,0.31924119241192417,-1.665040650406504,0.2905149051490515,-1.8292682926829267,0.2861788617886179
1,0.0,0.0,-0.35823849579416134,0.029688273132112808,-0.7783275606135576,0.11726867887184567,-1.1538842157347848,0.23552696684809504,-1.442355269668481,0.34388916378030676,-0.6600692726373083,0.24938149430974765,-1.4364176150420582,0.3191489361702128,-1.7714002968827314,0.30529440870856017,-1.8624443344878774,0.2701632855022266,-0.611578426521524,0.30133597229094505,-1.4769915883226126,0.27610094012864916,-1.7926768926274121,0.30677882236516574,-1.8644235526966848,0.2736269173676398,-0.6308758040573974,0.30282038594755073,-1.430479960415636,0.30084116773874314,-1.7248886689757548,0.3122216724393865,-1.8624443344878774,0.3023255813953488,-0.6754082137555666,0.3023255813953488,-1.2988619495299356,0.32558139534883723,-1.5893122216724394,0.32162295893122217,-1.7906976744186047,0.3176645225136071
1,0.0,0.0,-0.4286792452830189,-0.0007547169811320531,-0.7762264150943397,0.051698113207547136,-1.1037735849056602,0.21169811320754717,-1.3747169811320754,0.38603773584905654,-0.5539622641509434,0.26075471698113206,-1.2890566037735849,0.339622641509434,-1.5822641509433963,0.3683018867924528,-1.6222641509433964,0.360377358490566,-0.5116981132075472,0.28943396226415097,-1.3067924528301886,0.32830188679245287,-1.581132075471698,0.3569811320754717,-1.6033962264150943,0.3501886792452831,-0.5105660377358491,0.33471698113207543,-1.2667924528301886,0.33471698113207543,-1.5222641509433963,0.34679245283018867,-1.6022641509433964,0.32113207547169814,-0.5305660377358491,0.34,-1.1313207547169812,0.38,-1.4233962264150943,0.35773584905660377,-1.58,0.33547169811320754
1,0.0,0.0,-0.40181818181818185,-0.007272727272727264,-0.78,0.07090909090909092,-1.12,0.21090909090909093,-1.4054545454545455,0.4,-0.5945454545454545,0.2672727272727272,-1.2963636363636364,0.36363636363636365,-1.5854545454545454,0.38545454545454544,-1.6654545454545455,0.4109090909090909,-0.5527272727272727,0.2890909090909091,-1.3309090909090908,0.3254545454545455,-1.6218181818181818,0.3672727272727273,-1.6836363636363636,0.3763636363636364,-0.5309090909090909,0.30545454545454553,-1.270909090909091,0.2854545454545455,-1.5436363636363635,0.33090909090909093,-1.6436363636363636,0.32181818181818184,-0.5509090909090909,0.3,-1.1581818181818182,0.34,-1.4272727272727272,0.3345454545454546,-1.62,0.33090909090909093
1,0.0,0.0,-0.3739406779661017,0.05296610169491528,-0.7817796610169492,0.1581920903954802,-1.1687853107344632,0.2831920903954802,-1.4710451977401129,0.4226694915254237,-0.6451271186440678,0.3012005649717514,-1.4060734463276836,0.38983050847457623,-1.7161016949152543,0.44738700564971745,-1.8202683615819208,0.4749293785310734,-0.5787429378531074,0.2793079096045198,-1.3983050847457628,0.3093220338983051,-1.7291666666666665,0.3499293785310734,-1.8163841807909606,0.3983050847457627,-0.574858757062147,0.2457627118644068,-1.3605225988700564,0.2588276836158192,-1.6536016949152543,0.3072033898305085,-1.7786016949152543,0.32556497175141247,-0.5956920903954802,0.22916666666666666,-1.230225988700565,0.2630649717514124,-1.5363700564971752,0.2722457627118644,-1.7291666666666665,0.2644774011299435
1,0.0,0.0,-0.3908898305084746,0.0737994350282486,-0.7817796610169492,0.19597457627118642,-1.1896186440677967,0.30014124293785305,-1.5088276836158192,0.4226694915254237,-0.6242937853107344,0.3012005649717514,-1.3852401129943503,0.3728813559322034,-1.7122175141242937,0.4304378531073446,-1.8372175141242937,0.43714689265536727,-0.557909604519774,0.2793079096045198,-1.4152542372881356,0.3093220338983051,-1.7291666666666665,0.32909604519774016,-1.8163841807909606,0.33968926553672313,-0.5540254237288136,0.2627118644067796,-1.3396892655367232,0.2549435028248587,-1.6536016949152543,0.2863700564971752,-1.7577683615819208,0.2838983050847458,-0.574858757062147,0.22528248587570623,-1.230225988700565,0.2630649717514124,-1.5363700564971752,0.2722457627118644,-1.75,0.2644774011299435
1,0.0,0.0,-0.38251910933865074,0.030907278165503538,-0.7989365237620472,0.13858424725822538,-1.2126952475905615,0.22233300099700892,-1.5417082087072118,0.34363575938850116,-0.6955799268860086,0.26586905948820205,-1.5284147557328016,0.3220338983050848,-1.843137254901961,0.3293452974410103,-1.8850116317713526,0.28846792954469924,-0.617148554336989,0.2562313060817547,-1.5257560651379196,0.2535726154868727,-1.8235294117647058,0.2608840146227983,-1.8850116317713526,0.24227318045862412,-0.5948820206048522,0.2555666334330342,-1.469591226321037,0.23595879029577932,-1.7869724160850782,0.23163841807909602,-1.848454636091725,0.19873712196743104,-0.6510468594217348,0.23529411764705882,-1.3233632436025258,0.2549019607843137,-1.655034895314058,0.26387504154204056,-1.8235294117647058,0.2558989697573945
1,0.0,0.0,-0.29874213836477986,0.09622641509433966,-0.7229559748427673,0.19591194968553455,-1.1638364779874215,0.2924528301886793,-1.5213836477987424,0.39245283018867927,-0.699685534591195,0.24119496855345912,-1.5647798742138366,0.29779874213836477,-1.8889937106918238,0.32798742138364784,-1.9477987421383647,0.3081761006289308,-0.6597484276729559,0.2735849056603774,-1.5814465408805032,0.2713836477987422,-1.8889937106918238,0.28270440251572326,-1.95,0.2672955974842768,-0.6764150943396227,0.24276729559748428,-1.5270440251572328,0.24276729559748428,-1.8534591194968555,0.26069182389937107,-1.9477987421383647,0.22861635220125787,-0.6952830188679245,0.22641509433962265,-1.4037735849056605,0.2830188679245283,-1.7257861635220126,0.2930817610062893,-1.9056603773584906,0.28647798742138364
1,0.0,0.0,-0.3220338983050848,0.050847457627118675,-0.7627118644067796,0.10169491525423735,-1.1864406779661016,0.15254237288135597,-1.5084745762711864,0.23728813559322037,-0.847457627118644,0.0847457627118644,-1.6610169491525424,0.15254237288135597,-1.9491525423728815,0.18644067796610175,-1.9830508474576272,0.1864406779661017,-0.7627118644067796,0.15254237288135586,-1.6779661016949152,0.15254237288135586,-1.9491525423728815,0.16949152542372886,-1.9830508474576272,0.15254237288135591,-0.7457627118644068,0.1694915254237288,-1.5932203389830508,0.1694915254237288,-1.8983050847457628,0.18644067796610167,-1.9830508474576272,0.1864406779661017,-0.7627118644067796,0.1864406779661017,-1.423728813559322,0.23728813559322035,-1.728813559322034,0.2542372881355932,-1.9152542372881356,0.23728813559322035
1,0.0,0.0,-0.3837772397094431,0.03329297820823246,-0.8184019370460048,0.0968523002421307,-1.2699757869249395,0.13529055690072633,-1.6180387409200967,0.2030871670702179,-0.8156779661016949,0.14437046004842613,-1.6510290556900726,0.21489104116222768,-1.9473365617433416,0.18704600484261502,-2.0,0.1967312348668281,-0.7282082324455206,0.15314769975786924,-1.6153147699757868,0.186138014527845,-1.9125302663438255,0.17705811138014527,-1.9830508474576272,0.1697941888619855,-0.7103510895883778,0.14134382566585957,-1.5457021791767556,0.15738498789346245,-1.8429176755447942,0.15012106537530265,-1.9482445520581113,0.14376513317191283,-0.7282082324455206,0.12772397094430993,-1.4064769975786926,0.19733656174334138,-1.7206416464891041,0.21156174334140437,-1.8946731234866827,0.20883777239709445
1,0.0,0.0,-0.3721804511278195,0.005325814536340845,-0.7966791979949874,0.062343358395990034,-1.256578947368421,0.11685463659147866,-1.593045112781955,0.16917293233082714,-0.7960526315789473,0.1199874686716792,-1.6278195488721803,0.15538847117794485,-1.9288847117794485,0.13408521303258147,-2.0,0.13126566416040103,-0.7073934837092732,0.13471177944862156,-1.6099624060150375,0.15162907268170434,-1.911340852130326,0.13063909774436094,-1.9824561403508771,0.1281328320802005,-0.6541353383458646,0.13063909774436094,-1.5216165413533833,0.14786967418546365,-1.8405388471177946,0.1275062656641604,-1.9470551378446115,0.10776942355889724,-0.6895363408521302,0.12593984962406016,-1.3800125313283207,0.19674185463659147,-1.698934837092732,0.17794486215538846,-1.8759398496240602,0.17700501253132833
1,0.0,0.0,-0.31212121212121213,0.005387205387205385,-0.7707070707070707,0.06464646464646467,-1.2107744107744107,0.10235690235690242,-1.5595959595959596,0.15656565656565663,-0.7518518518518519,0.06902356902356899,-1.577777777777778,0.12424242424242427,-1.8895622895622894,0.08383838383838393,-1.9814814814814814,0.06262626262626259,-0.6784511784511784,0.06599326599326605,-1.5592592592592593,0.10202020202020212,-1.88989898989899,0.08013468013468011,-1.981818181818182,0.07744107744107742,-0.6599326599326599,0.061952861952861926,-1.485858585858586,0.097979797979798,-1.8164983164983166,0.11346801346801347,-1.9265993265993266,0.11144781144781143,-0.6966329966329967,0.07575757575757575,-1.3757575757575757,0.1488215488215488,-1.687878787878788,0.16599326599326597,-1.8531986531986533,0.16498316498316498
1,0.0,0.0,-0.34408163265306124,-0.01428571428571429,-0.7881632653061225,0.0106122448979592,-1.2322448979591836,0.01224489795918371,-1.5755102040816327,0.052244897959183634,-0.7673469387755103,0.03632653061224489,-1.5151020408163265,0.03632653061224489,-1.8787755102040817,0.013061224489795853,-2.0,0.010204081632653073,-0.686530612244898,0.03306122448979587,-1.5351020408163265,0.052244897959183634,-1.8387755102040817,0.028571428571428525,-1.94,0.046122448979591835,-0.6661224489795918,0.02897959183673471,-1.4746938775510205,0.04816326530612247,-1.7983673469387755,0.04530612244897961,-1.8991836734693877,0.06326530612244896,-0.706530612244898,0.024081632653061236,-1.353469387755102,0.06408163265306122,-1.6567346938775511,0.10326530612244897,-1.8383673469387756,0.10204081632653061
1,0.0,0.0,-0.33333333333333337,0.020833333333333315,-0.75,0.04166666666666663,-1.1875,0.0625,-1.5208333333333335,0.08333333333333326,-0.75,0.04166666666666663,-1.5208333333333335,0.04166666666666663,-1.875,0.02083333333333337,-2.0,0.020833333333333315,-0.6875,0.0625,-1.5625,0.0625,-1.8541666666666665,0.041666666666666685,-1.9583333333333335,0.041666666666666685,-0.6875,0.041666666666666685,-1.4791666666666665,0.0625,-1.8125,0.06250000000000003,-1.9166666666666665,0.062499999999999986,-0.7291666666666667,0.041666666666666685,-1.375,0.10416666666666667,-1.6666666666666667,0.125,-1.8333333333333333,0.125
1,0.0,0.0,-0.3484848484848485,-0.014069264069264065,-0.7445887445887446,0.0,-1.1634199134199135,0.0670995670995671,-1.5119047619047619,0.09199134199134207,-0.7683982683982684,0.011904761904761862,-1.5595238095238095,0.08116883116883111,-1.8841991341991342,0.08982683982683981,-2.0,0.0735930735930736,-0.699134199134199,0.04220779220779225,-1.5595238095238095,0.09090909090909094,-1.8614718614718613,0.09848484848484851,-1.9534632034632033,0.08225108225108224,-0.6753246753246753,0.05086580086580089,-1.4891774891774892,0.12337662337662342,-1.7911255411255411,0.12987012987012986,-1.906926406926407,0.13528138528138528,-0.7207792207792207,0.06168831168831171,-1.3722943722943723,0.13311688311688313,-1.6515151515151516,0.1829004329004329,-1.8138528138528138,0.18614718614718614
1,0.0,0.0,-0.33739837398373984,-0.03135888501742162,-0.7229965156794425,0.03600464576074336,-1.1567944250871078,0.058652729384436664,-1.494192799070848,0.10743321718931476,-0.7479674796747967,0.030197444831591147,-1.542973286875726,0.10220673635307786,-1.9041811846689896,0.10627177700348434,-2.0,0.08594657375145176,-0.6753774680603949,0.03368176538908252,-1.542973286875726,0.10685249709639955,-1.8797909407665505,0.11091753774680602,-1.9518002322880372,0.0905923344947735,-0.6753774680603949,0.03890824622531941,-1.470383275261324,0.11207897793263649,-1.7833914053426247,0.13937282229965156,-1.9036004645760742,0.11788617886178861,-0.6991869918699187,0.04413472706155633,-1.3739837398373984,0.14111498257839722,-1.6387921022067364,0.19105691056910568,-1.8072009291521487,0.19279907084785133
1,0.0,0.0,-0.35135135135135137,0.0,-0.7837837837837838,0.05405405405405406,-1.1891891891891893,0.10810810810810811,-1.5135135135135136,0.16216216216216217,-0.7837837837837838,0.10810810810810811,-1.5405405405405406,0.16216216216216217,-1.8918918918918919,0.16216216216216217,-2.0,0.1351351351351351,-0.7297297297297298,0.1351351351351352,-1.5675675675675675,0.16216216216216212,-1.8918918918918919,0.16216216216216217,-1.945945945945946,0.13513513513513514,-0.7027027027027027,0.10810810810810811,-1.5135135135135136,0.16216216216216217,-1.7837837837837838,0.16216216216216217,-1.891891891891892,0.16216216216216217,-0.7297297297297298,0.13513513513513514,-1.3783783783783785,0.1891891891891892,-1.6756756756756757,0.1891891891891892,-1.7837837837837838,0.1891891891891892
1,0.0,0.0,-0.3380952380952381,-0.03730158730158728,-0.788888888888889,0.013492063492063555,-1.2404761904761905,0.06825396825396834,-1.5785714285714287,0.09761904761904766,-0.7611111111111111,0.03492063492063491,-1.55,0.09047619047619049,-1.8595238095238096,0.09523809523809523,-2.0,0.07142857142857145,-0.676984126984127,0.06746031746031744,-1.5222222222222221,0.1246031746031746,-1.8595238095238096,0.12936507936507935,-1.9436507936507936,0.1333333333333333,-0.676984126984127,0.07380952380952382,-1.4936507936507937,0.130952380952381,-1.803174603174603,0.13492063492063494,-1.8873015873015873,0.10952380952380952,-0.7047619047619047,0.08015873015873017,-1.380952380952381,0.1365079365079365,-1.6626984126984126,0.16666666666666666,-1.8317460317460317,0.14047619047619048
1,0.0,0.0,-0.3077651515151515,0.010416666666666685,-0.7083333333333333,0.017045454545454586,-1.1382575757575757,0.14204545454545459,-1.4772727272727273,0.17140151515151514,-0.7073863636363636,0.08522727272727271,-1.5075757575757576,0.14678030303030298,-1.8456439393939394,0.0804924242424242,-1.96875,0.07575757575757575,-0.6761363636363636,0.11079545454545459,-1.5378787878787878,0.17140151515151514,-1.8465909090909092,0.13541666666666669,-1.9393939393939394,0.13162878787878787,-0.6761363636363636,0.13446969696969696,-1.4763257575757576,0.1647727272727273,-1.8153409090909092,0.16098484848484848,-1.9081439393939394,0.1571969696969697,-0.7376893939393939,0.1268939393939394,-1.4147727272727273,0.2196969696969697,-1.6922348484848486,0.2178030303030303,-1.8153409090909092,0.1543560606060606
1,0.0,0.0,-0.3390151515151515,-0.020833333333333315,-0.7698863636363636,0.04734848484848486,-1.1392045454545454,0.11079545454545459,-1.5085227272727273,0.20170454545454547,-0.7689393939393939,0.11553030303030298,-1.5378787878787878,0.14678030303030298,-1.8768939393939394,0.11079545454545459,-2.0,0.07575757575757575,-0.6761363636363636,0.11079545454545459,-1.5378787878787878,0.17140151515151514,-1.8465909090909092,0.13541666666666669,-1.9393939393939394,0.13162878787878787,-0.6761363636363636,0.13446969696969696,-1.5066287878787878,0.1647727272727273,-1.8153409090909092,0.16098484848484848,-1.9081439393939394,0.1268939393939394,-0.7376893939393939,0.1581439393939394,-1.4147727272727273,0.1884469696969697,-1.6922348484848486,0.2178030303030303,-1.8153409090909092,0.1543560606060606
1,0.0,0.0,-0.3279569892473118,-0.022580645161290325,-0.7548387096774194,0.017204301075268824,-1.1806451612903226,0.1172043010752688,-1.5086021505376346,0.14731182795698922,-0.7870967741935484,0.15483870967741942,-1.5419354838709678,0.12150537634408609,-1.8688172043010751,0.05053763440860215,-1.9666666666666668,0.012903225806451646,-0.6881720430107527,0.1494623655913978,-1.5731182795698926,0.14838709677419354,-1.8688172043010751,0.10967741935483871,-1.935483870967742,0.1053763440860215,-0.7204301075268817,0.14193548387096777,-1.50752688172043,0.14086021505376342,-1.803225806451613,0.13655913978494624,-1.8698924731182796,0.1,-0.7526881720430108,0.13440860215053763,-1.4419354838709677,0.16666666666666666,-1.7043010752688172,0.16451612903225807,-1.8365591397849461,0.16236559139784945
1,0.0,0.0,-0.31650246305418717,-0.024630541871921208,-0.7721674876847291,0.052955665024630505,-1.227832512315271,0.1243842364532019,-1.5443349753694582,0.1564039408866995,-0.770935960591133,0.13054187192118227,-1.543103448275862,0.1293103448275862,-1.8940886699507389,0.0886699507389162,-2.0,0.08374384236453197,-0.7352216748768473,0.1243842364532019,-1.5775862068965516,0.1564039408866995,-1.8596059113300494,0.11576354679802955,-1.9655172413793105,0.11206896551724138,-0.6995073891625616,0.11576354679802955,-1.541871921182266,0.14901477832512317,-1.7881773399014778,0.10960591133004927,-1.895320197044335,0.10591133004926108,-0.7352216748768473,0.10714285714285714,-1.4014778325123154,0.1416256157635468,-1.7179802955665024,0.13916256157635468,-1.8238916256157636,0.1724137931034483
1,0.0,0.0,-0.3946360153256705,0.02298850574712641,-0.8237547892720306,0.07279693486590039,-1.2503192848020435,0.14687100893997446,-1.573435504469987,0.21328224776500637,-0.7841634738186463,0.15964240102171134,-1.6053639846743295,0.19412515964240096,-1.9284802043422733,0.14431673052362703,-2.0,0.1340996168582375,-0.7471264367816092,0.18135376756066413,-1.6398467432950192,0.21328224776500637,-1.8914431673052363,0.1660280970625798,-1.9310344827586206,0.12132822477650063,-0.7100893997445721,0.1660280970625798,-1.5312899106002553,0.19795657726692206,-1.8199233716475094,0.18773946360153254,-1.8939974457215836,0.14559386973180077,-0.7445721583652618,0.1826309067688378,-1.4252873563218391,0.1826309067688378,-1.711366538952746,0.17752234993614302,-1.8544061302681993,0.13793103448275862
1,0.0,0.0,-0.35759897828863346,-0.014048531289910626,-0.7867177522349935,0.035759897828863296,-1.2158365261813537,0.10983397190293737,-1.573435504469987,0.1762452107279694,-0.7841634738186463,0.08556832694763727,-1.5683269476372925,0.1545338441890166,-1.8914431673052363,0.14176245210727972,-2.0,0.13154533844189015,-0.7100893997445721,0.10983397190293737,-1.602809706257982,0.1392081736909323,-1.8914431673052363,0.1264367816091954,-1.9284802043422733,0.11621966794380587,-0.7100893997445721,0.12899106002554275,-1.5312899106002553,0.15836526181353766,-1.8199233716475094,0.1507024265644955,-1.8569604086845466,0.14303959131545338,-0.7445721583652618,0.1111111111111111,-1.388250319284802,0.18007662835249041,-1.6743295019157087,0.17752234993614302,-1.8199233716475094,0.1724137931034483
1,0.0,0.0,-0.35759897828863346,-0.014048531289910626,-0.7867177522349935,0.035759897828863296,-1.2158365261813537,0.10983397190293737,-1.573435504469987,0.1762452107279694,-0.8186462324393359,0.08556832694763727,-1.5683269476372925,0.1545338441890166,-1.8914431673052363,0.14176245210727972,-2.0,0.09450830140485311,-0.7100893997445721,0.14431673052362703,-1.602809706257982,0.10217113665389527,-1.8914431673052363,0.1264367816091954,-1.9284802043422733,0.11621966794380587,-0.6730523627075351,0.12899106002554275,-1.4942528735632183,0.15836526181353766,-1.7828863346104726,0.14814814814814814,-1.8569604086845466,0.10600255427841634,-0.7445721583652618,0.1111111111111111,-1.388250319284802,0.18007662835249041,-1.6743295019157087,0.17496807151979565,-1.8199233716475094,0.13537675606641125
1,0.0,0.0,-0.3448275862068966,-0.03448275862068967,-0.7931034482758621,0.0,-1.206896551724138,0.06896551724137928,-1.5172413793103448,0.13793103448275867,-0.7931034482758621,0.06896551724137934,-1.5862068965517242,0.13793103448275867,-1.9310344827586206,0.1724137931034483,-2.0,0.1379310344827586,-0.6896551724137931,0.10344827586206895,-1.5862068965517242,0.13793103448275862,-1.896551724137931,0.10344827586206898,-1.9310344827586208,0.10344827586206898,-0.7241379310344828,0.13793103448275865,-1.5172413793103448,0.13793103448275862,-1.793103448275862,0.1724137931034483,-1.8620689655172413,0.13793103448275862,-0.7241379310344828,0.13793103448275862,-1.3793103448275863,0.1724137931034483,-1.6896551724137931,0.20689655172413796,-1.8275862068965516,0.1724137931034483
1,0.0,0.0,-0.35416666666666663,0.01874999999999999,-0.80625,0.0625,-1.25625,0.12708333333333333,-1.5791666666666666,0.1875,-0.7708333333333333,0.13958333333333328,-1.575,0.16874999999999996,-1.9,0.18958333333333333,-2.0,0.14791666666666664,-0.7041666666666666,0.12708333333333333,-1.575,0.15416666666666667,-1.9,0.17708333333333331,-1.9354166666666668,0.1375,-0.6708333333333334,0.11041666666666666,-1.5083333333333333,0.13958333333333334,-1.7708333333333335,0.16458333333333333,-1.8395833333333333,0.12708333333333333,-0.7041666666666666,0.12708333333333333,-1.38125,0.15833333333333333,-1.6729166666666666,0.1875,-1.8041666666666667,0.15208333333333335
1,0.0,0.0,-0.35416666666666663,-0.014583333333333337,-0.80625,0.029166666666666674,-1.2895833333333333,0.0625,-1.6125,0.15416666666666667,-0.7708333333333333,0.10624999999999996,-1.575,0.16666666666666663,-1.9,0.1875,-2.0,0.14583333333333331,-0.7041666666666666,0.125,-1.5416666666666665,0.15208333333333335,-1.8354166666666667,0.175,-1.9354166666666668,0.13541666666666666,-0.6708333333333334,0.11041666666666666,-1.4770833333333333,0.1375,-1.7708333333333335,0.1625,-1.8395833333333333,0.09166666666666667,-0.6708333333333334,0.09375,-1.3166666666666667,0.125,-1.6083333333333334,0.12083333333333333,-1.8041666666666667,0.15
1,0.0,0.0,-0.3787878787878788,-0.005050505050505083,-0.8409090909090909,0.037878787878787845,-1.275252525252525,0.12626262626262624,-1.5656565656565657,0.17676767676767674,-0.7777777777777777,0.14141414141414144,-1.5303030303030303,0.19444444444444442,-1.8813131313131313,0.20959595959595956,-2.0,0.196969696969697,-0.7171717171717171,0.12373737373737376,-1.5580808080808082,0.17424242424242425,-1.8813131313131313,0.21969696969696972,-1.9722222222222223,0.17929292929292928,-0.6590909090909092,0.10353535353535354,-1.4696969696969697,0.12626262626262627,-1.7651515151515151,0.17424242424242425,-1.856060606060606,0.16666666666666666,-0.6893939393939394,0.1111111111111111,-1.356060606060606,0.13636363636363635,-1.6186868686868687,0.1616161616161616,-1.823232323232323,0.1590909090909091
1,0.0,0.0,-0.371007371007371,-0.024570024570024607,-0.8566748566748568,0.052416052416052406,-1.257985257985258,0.10974610974610971,-1.5446355446355446,0.15724815724815722,-0.8198198198198199,0.12940212940212947,-1.5921375921375922,0.18345618345618353,-1.9090909090909092,0.1908271908271908,-2.0,0.17444717444717445,-0.7321867321867321,0.10647010647010646,-1.588861588861589,0.12694512694512694,-1.9090909090909092,0.1678951678951679,-2.0,0.15151515151515152,-0.7018837018837019,0.10728910728910729,-1.5045045045045045,0.10073710073710074,-1.8247338247338247,0.14496314496314497,-1.9156429156429158,0.13513513513513514,-0.7321867321867321,0.10810810810810811,-1.362817362817363,0.13185913185913187,-1.6797706797706797,0.1285831285831286,-1.855036855036855,0.15233415233415235
1,0.0,0.0,-0.3606811145510836,0.03095975232198145,-0.8591331269349844,0.049535603715170295,-1.3018575851393188,0.13157894736842107,-1.636222910216718,0.1780185758513932,-0.7708978328173375,0.15015479876160998,-1.5479876160990713,0.17337461300309603,-1.8854489164086687,0.15479876160990713,-2.0,0.13931888544891644,-0.7120743034055728,0.15479876160990713,-1.5448916408668731,0.17492260061919504,-1.8560371517027865,0.18575851393188855,-1.9179566563467492,0.14396284829721362,-0.6826625386996904,0.1563467492260062,-1.4597523219814241,0.17647058823529413,-1.7739938080495357,0.16408668730650156,-1.8622291021671826,0.1547987616099071,-0.6826625386996904,0.1547987616099071,-1.321981424148607,0.15170278637770895,-1.6594427244582044,0.11919504643962847,-1.8560371517027865,0.1130030959752322
1,0.0,0.0,-0.38421052631578945,0.022556390977443608,-0.8210526315789474,0.03834586466165413,-1.2864661654135339,0.06466165413533836,-1.587218045112782,0.11278195488721804,-0.7902255639097744,0.10225563909774438,-1.556390977443609,0.09999999999999998,-1.88796992481203,0.0864661654135338,-2.0,0.07518796992481203,-0.706766917293233,0.0864661654135338,-1.5278195488721804,0.10827067669172935,-1.8616541353383458,0.09473684210526317,-1.918796992481203,0.05714285714285714,-0.6781954887218045,0.0661654135338346,-1.4992481203007517,0.061654135338345864,-1.7781954887218046,0.07894736842105263,-1.8639097744360902,0.07218045112781954,-0.6781954887218045,0.04586466165413533,-1.3345864661654137,0.06992481203007518,-1.6661654135338346,0.06541353383458645,-1.830827067669173,0.034586466165413526
1,0.0,0.0,-0.36655052264808363,0.017421602787456414,-0.867595818815331,0.0954703832752613,-1.3400696864111499,0.11567944250871076,-1.629268292682927,0.1804878048780488,-0.8062717770034844,0.11637630662020904,-1.5721254355400696,0.156794425087108,-1.865505226480836,0.13170731707317074,-2.0,0.08641114982578393,-0.6961672473867595,0.10731707317073175,-1.5679442508710801,0.1435540069686411,-1.865505226480836,0.12264808362369338,-1.951219512195122,0.0529616724738676,-0.667595818815331,0.11846689895470383,-1.486411149825784,0.08153310104529617,-1.8125435540069685,0.06480836236933799,-1.8982578397212544,0.027874564459930334,-0.6717770034843205,0.10522648083623694,-1.3317073170731706,0.07247386759581881,-1.678048780487805,0.06829268292682927,-1.865505226480836,0.03554006968641116
1,0.0,0.0,-0.375,0.0357142857142857,-0.8535714285714285,0.057142857142857106,-1.3321428571428573,0.10714285714285715,-1.6535714285714285,0.17500000000000002,-0.7928571428571429,0.12857142857142856,-1.5642857142857143,0.1464285714285714,-1.8892857142857142,0.15357142857142853,-2.0,0.1357142857142857,-0.6821428571428572,0.125,-1.5892857142857144,0.1392857142857143,-1.8642857142857143,0.12142857142857143,-1.95,0.08214285714285714,-0.6821428571428572,0.14285714285714285,-1.4821428571428572,0.10714285714285715,-1.8107142857142857,0.06785714285714287,-1.8714285714285714,0.02857142857142858,-0.6571428571428571,0.10714285714285715,-1.325,0.10357142857142859,-1.675,0.07142857142857142,-1.8642857142857143,0.0678571428571429
1,0.0,0.0,-0.3666666666666667,0.02777777777777779,-0.8388888888888889,0.07222222222222219,-1.3388888888888888,0.09722222222222221,-1.6555555555555554,0.16666666666666669,-0.7805555555555556,0.13888888888888884,-1.5694444444444444,0.15833333333333338,-1.8888888888888888,0.16666666666666669,-1.9722222222222223,0.1527777777777778,-0.7,0.11388888888888887,-1.5944444444444446,0.1305555555555556,-1.863888888888889,0.14166666666666666,-1.95,0.10555555555555556,-0.6472222222222221,0.1138888888888889,-1.488888888888889,0.10555555555555556,-1.7861111111111112,0.09444444444444444,-1.8472222222222223,0.061111111111111116,-0.65,0.1388888888888889,-1.3333333333333335,0.08333333333333334,-1.6527777777777777,0.10555555555555554,-1.8916666666666666,0.09999999999999998
1,0.0,0.0,-0.32456140350877194,0.07769423558897243,-0.7969924812030075,0.12155388471177941,-1.2957393483709274,0.12155388471177941,-1.6203007518796992,0.16165413533834588,-0.768170426065163,0.18671679197994984,-1.5914786967418546,0.17919799498746863,-1.8947368421052633,0.23558897243107768,-2.0,0.19674185463659147,-0.6892230576441103,0.19047619047619047,-1.5889724310776943,0.15413533834586465,-1.844611528822055,0.18922305764411027,-1.9022556390977443,0.15288220551378445,-0.6390977443609023,0.18922305764411027,-1.488721804511278,0.13157894736842105,-1.7706766917293233,0.14285714285714285,-1.8521303258145363,0.11152882205513784,-0.6654135338345865,0.13784461152882205,-1.293233082706767,0.13283208020050125,-1.644110275689223,0.15413533834586465,-1.8709273182957393,0.14912280701754385
1,0.0,0.0,-0.3483709273182957,0.02756892230576441,-0.8471177944862156,0.047619047619047616,-1.3433583959899749,0.07142857142857145,-1.6942355889724312,0.13533834586466165,-0.7656641604010025,0.162907268170426,-1.6127819548872182,0.15538847117794485,-1.8947368421052633,0.21177944862155385,-1.9523809523809523,0.17293233082706766,-0.662907268170426,0.19047619047619047,-1.586466165413534,0.10651629072681701,-1.844611528822055,0.14160401002506265,-1.9047619047619047,0.08145363408521303,-0.612781954887218,0.16541353383458646,-1.512531328320802,0.10776942355889724,-1.7706766917293233,0.09523809523809523,-1.8546365914786969,0.06390977443609022,-0.6390977443609023,0.13784461152882205,-1.3170426065162908,0.10902255639097744,-1.667919799498747,0.12781954887218044,-1.8947368421052633,0.12280701754385964
1,0.0,0.0,-0.3241192411924119,-0.09593495934959348,-0.7636856368563686,-0.1273712737127371,-1.2010840108401084,-0.1051490514905149,-1.478590785907859,-0.11815718157181568,-0.7127371273712737,0.03197831978319787,-1.5474254742547426,0.02981029810298097,-1.8780487804878048,0.10569105691056913,-2.0,0.13712737127371272,-0.6639566395663956,0.08780487804878045,-1.5452574525745257,0.03252032520325204,-1.8558265582655826,0.06178861788617887,-1.886720867208672,0.05094850948509484,-0.6395663956639566,0.15934959349593494,-1.5008130081300814,0.08184281842818429,-1.7626016260162602,0.09322493224932249,-1.8644986449864498,0.06016260162601626,-0.6417344173441735,0.23089430894308943,-1.294308943089431,0.13116531165311654,-1.6449864498644986,0.10027100271002709,-1.8780487804878048,0.06937669376693764
1,0.0,0.0,-0.3622210690192008,-0.00830306175402179,-0.7913855734302024,0.016606123508043635,-1.241826673585885,0.040996367410482626,-1.5371043072132848,0.049818370524130795,-0.7394914374675661,0.13284898806434864,-1.5552672548002078,0.12662169174883242,-1.9024390243902438,0.16554229372080959,-2.0,0.16813700051894137,-0.666320705760249,0.1292163985469642,-1.5521536066424493,0.07109496626881162,-1.856772184743124,0.0674623767514271,-1.9117799688635184,0.051894135962636215,-0.6419304618578101,0.09496626881162429,-1.4820965230928906,0.03995848469122988,-1.8111053450960042,0.06694343539180073,-1.9117799688635184,0.030098598858328995,-0.6206538661131292,0.10326933056564608,-1.3056564608199275,0.07576543850544888,-1.6497145822522055,0.06642449403217437,-1.881162428645563,0.03580695381421897
1,0.0,0.0,-0.34646416706217376,0.01661129568106312,-0.8006644518272426,0.08590412909349782,-1.2548647365923113,0.1528239202657808,-1.580920740389179,0.22876127195064067,-0.7541528239202657,0.15519696250593262,-1.5984812529663026,0.1727574750830565,-1.9302325581395348,0.21120075937351684,-2.0,0.2116753678215472,-0.6611295681063123,0.14997626957759846,-1.5956336022781206,0.11817750355956336,-1.9069767441860463,0.1362126245847176,-1.9591836734693877,0.098718557190318,-0.6350261034646416,0.15946843853820597,-1.5054579971523494,0.08685334598955863,-1.863312766967252,0.11058376839107736,-1.9359278595158993,0.07593735168485999,-0.6350261034646416,0.12529663028001897,-1.3540579022306596,0.09919316563834836,-1.6858092074038917,0.11105837683910774,-1.9069767441860463,0.12577123872804938
1,0.0,0.0,-0.37482269503546095,0.04042553191489362,-0.8209219858156028,0.12907801418439713,-1.2716312056737589,0.18829787234042555,-1.6131205673758866,0.2624113475177305,-0.7265957446808511,0.20106382978723403,-1.5095744680851064,0.2677304964539007,-1.8602836879432623,0.276241134751773,-1.9666666666666668,0.27730496453900705,-0.6202127659574468,0.18829787234042555,-1.5382978723404257,0.19113475177304967,-1.872340425531915,0.1829787234042553,-1.9833333333333334,0.16737588652482271,-0.5943262411347517,0.14503546099290782,-1.4578014184397163,0.14326241134751774,-1.7964539007092197,0.1276595744680851,-1.9453900709219858,0.10460992907801418,-0.6156028368794326,0.11382978723404255,-1.3106382978723405,0.1425531914893617,-1.6613475177304964,0.12411347517730495,-1.8769503546099289,0.11028368794326242